,Mario,,,,,Donkey Kong,,,,,Link,,,,,Samus,,,,,Yoshi,,,,,Kirby,,,,,Fox,,,,,Pikachu,,,,,Luigi,,,,,Ness,,,,,Captain Falcon,,,,, Jigglypuff,,,,,Peach,,,,,Bowser,,,,,Ice Climbers,,,,,Sheik,,,,,Zelda,,,,,Dr. Mario,,,,,Pichu,,,,,Falco,,,,,Marth,,,,,Lucina,,,,,Young Link,,,,,Ganondorf,,,,,Mewtwo,,,,,Roy,,,,,Chrom,,,,,Mr. G&W,,,,,Meta Knight,,,,,Pit,,,,,Zero Suit Samus,,,,,Wario,,,,,Snake,,,,,Ike,,,,,Pokemon Trainer,,,,,Diddy Kong,,,,,Lucas,,,,,Sonic,,,,,King Dedede,,,,,Olimar,,,,,Lucario,,,,,R.O.B.,,,,,Toon Link,,,,,Wolf,,,,,Villager,,,,,Mega Man,,,,,Wii Fit Trainer,,,,,Rosalina,,,,,Little Mac,,,,,Greninja,,,,,Palutena,,,,,Pac-Man,,,,,Robin,,,,,Shulk,,,,,Bowser Jr,,,,,Duck Hunt,,,,,Ryu,,,,,Ken,,,,,Cloud,,,,,Corrin,,,,,Bayonetta,,,,,Inkling,,,,,Ridley,,,,,Richter,,,,,King K. Rool,,,,,Isabelle,,,,,Incineroar,,,,,Piranha Plant,,,,,Joker,,,,,Hero,,,,,Banjo,,,,,Terry,,,,,Byleth,,,,,Min Min,,,,,Steve,,,,,Sephiroth,,,,,Pyra/Mythra,,,,,Kazuya,,,,,Sora,,,,,Mii Brawler,,,,,Mii Swordfighter,,,,,Mii Gunner,,,
,Dark Wizzy,37,,21%,,JohnY,12,,25%,,Bernie,15,,29.7%,,sisqui,82,,29%,,Yoshidora,50,,33.6%,,JeJaJeJa,9,,34.6%,,Light,100,,44.2%,,Neeroz,34,,23.9%,,Elegant,35,,20.5%,,Scend,62,,28.4%,,Fatality,47,,22.9%,,BassMage,30,,88.2%,,MuteAce,54,,34.4%,,Hero,37,,29.5%,,Big D,27,,48.2%,,Rox,28,,20.8%,,ALtek,10,,41.7%,,BacoN,13,,27.7%,,NaetorU,38,,42.9%,,Tilde,46,,29.8%,,Rizeasu,15,,55.6%,,Leon,70,,36.8%,,Skittles,48,,30.3%,,Komegura,6,,100%,,WaDi,13,,76.5%,,Kola,98,,23%,,Mr. R,23.5,,23.3%,,Maister,63,,41.9%,,Yei,12,,27.6%,,Tet,7,,33.3%,,Marss,32,,25.5%,,Glutonny,108,,51.9%,,DIO,49,,15.1%,,Tope,6,,17.9%,,Atelier,29,,17.7%,,Tweek,46.5,,21%,,Nitox,29,,45.3%,,KEN,70,,25%,,ZAKI,17,,49.3%,,Shuton,88,,31.6%,,Armadillo,11,,50%,,Zomba,112,,26.5%,,JoJoDaHoBo,21,,22.3%,,Oryon,58,,19.4%,,Kept,21,,63.6%,,Peabnut,38,,25.7%,,varun,17,,20.9%,,Dabuz,83,,60.6%,,Peanut,10,,62.5%,,Lea,23,,21.5%,,Chag,105,,24.6%,,Tea,47,,24.3%,,Rizeasu,11.5,,24.2%,,Kome,53,,35.3%,,Yoda Cage,11,,53.7%,,Raito,15,,41.7%,,Asimo,58,,40.4%,,Vendetta,24,,16.6%,,Sparg0,101,,37.9%,,MKLeo,67,,60.1%,,Bloom4Eva,33,,30%,,Shirayuki,26,,27.1%,,Mezcaul,29,,50.9%,,T3 DOM,16,,37.6%,,KirbyKid,7,,35%,,Jaka,12,,28.2%,,Skyjay,49,,62%,,Regi Shikimi,6.5,,48.1%,,eMass,48,,20.1%,,Akakikusu,15,,34.9%,,OwlBBs,7,,22.2%,,Riddles,90,,52%,,MKLeo,78,,53.8%,,ProtoBanham,42,,22.6%,,acola,68,,17.2%,,KEN,67,,32.5%,,Shuton,94,,25.6%,,Riddles,63,,28.8%,,Kameme,34,,34.9%,,Rizeasu,13,,25.2%,,Capitancito,13,,61.9%,,Capitancito,30,,77.9%
,Kurama,20,,11.4%,,HIKARU,10,,20.8%,,Rido,9,,17.8%,,Teaser,36,,12.7%,,Suarez,30,,20.1%,,Konokururu,9,,34.6%,,Paseriman,49,,21.7%,,H4DS,28,,19.6%,,WaKa,28,,16.4%,,Gackt,55,,25.2%,,Jogibu,37,,18%,,Braixen,3,,8.8%,,Ling,48,,30.6%,,LeoN,36,,28.7%,,WaDi,13,,23.2%,,Sylph,18,,13.4%,,Ty,4,,16.7%,,Oryon,10,,21.3%,,Nietono,19,,21.5%,,Larry Lurr,34,,22%,,Ignaize,6,,22.2%,,ProtoBanham,45,,23.7%,,Toast,25,,15.8%,,,,,,,Chewie,4,,23.5%,,Goblin,78,,18.3%,,Lancelot,20,,19.8%,,Regi Shikimi,24,,15.9%,,BONK!,8,,18.4%,,Nata,6,,28.6%,,Naitosharp,18,,14.3%,,Loaf,23,,11.1%,,ApolloKage,43,,13.3%,,Joe-J,6,,17.9%,,Quidd,23,,14.1%,,Aaron,26,,11.8%,,ChocoTaco,11,,17.2%,,Sonix,58,,20.7%,,Wheezer,6,,17.4%,,Dabuz,79,,28.4%,,Polinomis,6,,27.3%,,BigBoss,60,,14.2%,,Sigma,16,,17%,,Ouch!?,41,,13.7%,,JAVI ON EARTH,6,,18.2%,,TriM,26,,17.6%,,Injelly,13,,16%,,Homika,33,,24.1%,,tarakotori,4,,25%,,Tarik,16,,15%,,Raflow,93,,21.8%,,MoDzai,31,,16%,,Whisky,8,,16.8%,,jaredisking1,23,,15.3%,,Sweshi,5,,24.4%,,Sekai Doggo,8,,22.2%,,Ikan,19,,13.2%,,Jahzz0,21,,14.5%,,Kola,34.5,,12.9%,,SHADIC,28,,25.1%,,Lima,15,,16.%,,Colorondo8,16,,16.7%,,Nair^,11,,19.3%,,Noxumbra,9,,21.2%,,Huto,6,,30%,,Nery,12,,28.2%,,Mystery Sol,10,,12.7%,,Brood,4,,29.6%,,Luminous,29,,12.2%,,Vivi,10,,23.3%,,Raito,6.5,,20.6%,,Destany,17,,9.8%,,Rizeasu,25.5,,17.6%,,Dabuz,20.5,,11.1%,,Jake,55,,13.9%,,Ned,36,,17.5%,,Cosmos,62,,16.9%,,Tarik,30,,13.7%,,komorikiri,15,,15.4%,,Injelly,11,,21.4%,,Vikerkaar,4,,19%,,C.Kaleb,3,,7.8%
,Nao,19,,10.8%,,acola,8,,16.7%,,RaZe,6,,11.9%,,quiK,35,,12.4%,,Bluesky,11,,7.4%,,Guilheww,5,,19.2%,,ZD,12,,5.3%,,Enki,16,,11.2%,,Luugi,21,,12.3%,,Syrup,26,,11.9%,,Ogey,37,,18%,,Hungrybox,1,,2.9%,,Umeki,13,,8.3%,,Pollotopio,19,,15.1%,,Kurumis,6,,10.7%,,Mr. R,18,,13.4%,,Ray,4,,16.7%,,Shissho,8,,17%,,Blacktwins13,12.5,,14.1%,,MASA,17,,11%,,Yei,6,,22.2%,,Mr. E,45,,23.7%,,Jdizzle,21,,13.2%,,,,,,,,,,,,Flow,57,,13.4%,,Lavish,13,,12.9%,,Monte,12,,8%,,Rox,6,,13.8%,,Lunamado,5.5,,26.2%,,Choco,12,,9.6%,,Huto,15,,7.2%,,MVD,43,,13.3%,,Toxex,5,,14.9%,,Beast,18,,11%,,Ryuoh,21,,9.5%,,JaZaR,7,,10.9%,,Peli,29,,10.4%,,Atomsk,5,,14.5%,,Myran,36,,12.9%,,Tsu,4,,18.2%,,Anathema,38,,9%,,Ang,15,,16%,,Jakal,26,,8.7%,,BobbyWasabi,4,,12.1%,,Kameme,24,,16.2%,,John Numbers,10,,12.3%,,Bloom4Eva,6,,4.4%,,Jmk3008,2,,12.5%,,Ripka,12,,11.2%,,Lui$,48,,11.2%,,EKING,21,,10.8%,,Tuitt,8,,16.8%,,Uncivil ninja,14,,9.3%,,Mechakoopa,2,,9.8%,,Zane,5,,13.9%,,Munekin,18,,12.5%,,AndresFn,21,,14.5%,,Skar,18,,6.8%,,Yei,6,,5.4%,,Mottsuan,9,,8.2%,,Space,15,,15.6%,,Momon,7,,12.3%,,YoseFu,8,,18.8%,,ZAKI,5,,25%,,kept,5.5,,12.9%,,Sharpy,10,,12.7%,,Scend,2,,14.8%,,Tsubotsubo,22,,9.2%,,Nietono,5.5,,12.8%,,ZAKI,6.5,,20.6%,,Rizeasu,16,,9.2%,,Sparg0,17,,11.7%,,Pink Fresh,17,,9.2%,,Yonni,46,,11.7%,,Tweek,27,,13.1%,,Sparg0,24,,6.5%,,Tea,27,,12.3%,,Maister,12,,12.3%,,JMafia,8,,15.5%,,Tsu,2,,9.5%,,Tsumusuto,2.5,,6.5%
,SpamCop,12,,6.8%,,ZoZeF,3.5,,7.3%,,T,5,,9.9%,,IcyMist,20,,7.1%,,Jmafia,10,,6.7%,,Fzekan,3,,11.5%,,Sticccy,10,,4.4%,,ESAM,15,,10.5%,,Scot,13,,7.6%,,PeW,22,,10.1%,,Sean,23,,11.2%,,,,,,,Nuggetz,11,,7%,,DarkThunder,11,,8.8%,,Spammage,5,,8.9%,,Eim,14,,10.4%,,ven,2,,8.3%,,Tsumusuto,6,,12.8%,,NAKAT,5,,5.6%,,Gogeta,8,,5.2%,,,,,,,Yei,9,,4.7%,,Suinoko,11,,6.9%,,,,,,,,,,,,HIKARU,31,,7.3%,,CurryGovernor,6,,5.9%,,LA GRIMACE,8,,5.3%,,Abadango,5.5,,12.6%,,Z minus,2.5,,11.9%,,Doorstop,11,,8.8%,,Jordan,14,,6.7%,,AlanDiss,24,,7.4%,,San,3,,9%,,Puppeh,14,,8.6%,,Etsuji,15,,6.8%,,Rinkururu,6,,9.4%,,Sonido,28,,10%,,Franku,4,,11.6%,,Tsubotsubo,31,,11.1%,,Hanadon,1,,4.5%,,WaDi,22.5,,5.3%,,Manzoku,9,,9.6%,,Moxi,26,,8.7%,,Panda Bair,2,,6.1%,,Repo,22,,14.9%,,MeetLeo,7,,8.6%,,yamaD,4,,2.9%,,,,,,,IceKnight,8,,7.5%,,Chase,27,,6.3%,,JDV,20,,10.3%,,Synergy,6,,12.6%,,FuerzaDON,13,,8.7%,,Slime,1,,4.9%,,embo_Z,4,,11.1%,,Vendetta,17,,11.8%,,takera,20,,13.8%,,Niko,16,,6%,,Haven,6,,5.4%,,frawg,8,,7.3%,,Wonf,9,,9.4%,,Rydra,6,,10.5%,,Riddles,4.5,,10.6%,,DanyBoy,2,,10%,,Axel~,5,,11.8%,,JM,3,,3.8%,,Dmitrii,1,,7.4%,,Lemmon,20,,8.4%,,Nair,3.5,,8.1%,,Tearbear,4,,12.7%,,LISUTO,7,,4%,,Yei,6,,4.1%,,Omuatsu,16,,8.6%,,DDog,28,,7.1%,,Rizeasu,18,,8.7%,,Cloudy,20,,5.4%,,Axiom XL,23,,10.5%,,Lea,11.5,,11.8%,,Juanpi,5.5,,10.7%,,Danklin,1,,4.8%,,Amiin,2,,5.2%
,Oryon,10.5,,6%,,Tubasuwa,3,,6.3%,,Otakuni,3,,5.9%,,Yaura,18,,6.4%,,Floyd,7,,4.7%,,,,,,,Comet,8,,3.5%,,Abadango,15,,10.5%,,Yamanaction,13,,7.6%,,ATATA,18,,8.3%,,Huto,13.5,,6.6%,,,,,,,Leaf,9,,5.7%,,Gogesta,9,,7.2%,,Lubra,2,,3.6%,,Kameme,12,,8.9%,,Naskino,2,,8.3%,,Aiyu,6,,12.8%,,drybie,4,,4.5%,,Zomba,7.5,,4.9%,,,,,,,Spectral,6,,3.2%,,Kobe,9,,5.7%,,,,,,,,,,,,Mugen,22,,5.2%,,Jonhy,6,,5.9%,,Extra,7,,4.7%,,Harry,3,,6.9%,,,,,,,shion,9,,7.2%,,SBF,9,,4.3%,,0mart,18,,5.5%,,Baren,3,,9%,,Soar,13.5,,8.3%,,Zinoto,11,,5%,,Barco,5,,7.8%,,Taikei,17,,6.1%,,Ling,1.5,,4.3%,,Noi,11,,3.8%,,,,,,,Aaron,15.5,,3.7%,,Lv.1,6,,6.4%,,Larry Lurr,24.5,,8.2%,,,,,,,MPg,19,,12.8%,,Dags,7,,8.6%,,Yuzu,4,,2.9%,,,,,,,iStudying,7,,6.5%,,Jayce,23,,5.4%,,Sinji,20,,10.3%,,Xillion,4,,8.4%,,Nicko,7,,4.7%,,BTraytor,1,,4.9%,,skWiirrel,2,,5.6%,,AndresFn,14,,9.8%,,Munekin,14.5,,10%,,YOC,15,,5.6%,,Tsubotsubo,2.5,,2.2%,,Gooby,7,,6.4%,,Shaneak,6,,6.3%,,Todayzz,3,,5.3%,,Meli,3,,7.1%,,,,,,,B-Rice,3,,7.1%,,BullHall,3,,3.8%,,,,,,,Marss,19,,8%,,Big Stew,2,,4.7%,,KR,3,,9.5%,,Anality,6,,3.5%,,Deox6,5,,3.4%,,Xerzal,13,,7%,,Onin,26,,6.6%,,Cali,11,,5.3%,,Luminous,17,,4.6%,,acola,13.5,,6.2%,,Rox,7,,7.2%,,ESAM,5,,9.7%,,SkWiirrel,1,,4.8%,,Pineda,1,,2.6%
,Zenyou,9,,5.1%,,SlushieV1,3,,6.3%,,LinkS.,3,,5.9%,,Abadango,16,,5.7%,,Meme,7,,4.7%,,,,,,,Streakz,7,,3.1%,,DM,14,,9.8%,,Vi,10,,5.8%,,PkChris,15,,6.9%,,Andrik,11,,5.4%,,,,,,,Razo,6,,3.8%,,Lunamado,6.5,,5.2%,,Hammerbro,2,,3.6%,,VoiD,11,,8.2%,,Soluna,1,,4.2%,,JaZaR,4,,8.5%,,SpeedyBlueDude,3,,3.4%,,GotM,6,,3.9%,,,,,,,PiXL,3,,1.6%,,Supahsemmie,9,,5.7%,,,,,,,,,,,,Javi,18,,4.2%,,tk3,4,,4%,,Player 7,6,,4%,,Meta-Main,2,,4.6%,,,,,,,Cali,8.5,,6.8%,,Axiom XL,7,,3.4%,,Shogun,13,,4%,,G-P,3,,9%,,DDee,12.5,,7.6%,,Z,10,,4.5%,,R4YMOND,3,,4.7%,,TonyZTank,15,,5.4%,,Peli,1,,2.9%,,Klaatu,11,,3.8%,,,,,,,zackray,12,,2.8%,,Vivid,6,,6.4%,,Atelier,16,,5.4%,,,,,,,Noluck,4,,2.7%,,Zomba,5.5,,6.7%,,WaDi,3.5,,2.6%,,,,,,,JW,6,,5.6%,,Abadango,22.5,,5.3%,,Tooky,11,,5.7%,,Enarmonia,3,,6.3%,,SoulArts,6,,4%,,Trance,0.5,,2.4%,,Wisdom,1,,2.8%,,Sandstorm,5,,3.5%,,Nito,7,,4.8%,,Akasa,10,,3.8%,,Dan,2,,1.8%,,Geist,7,,6.4%,,Burst,6,,6.3%,,Paco,1,,1.8%,,Liam,1,,2.4%,,,,,,,Mr.Zercon,2,,4.7%,,Seesaw,2,,2.5%,,,,,,,Omega,13,,5.5%,,Tsu,2,,4.7%,,Ryunoske,1,,3.2%,,OG~Mustaine,5,,2.9%,,Bernie,4,,2.8%,,Peckham,10,,5.4%,,DDee,21,,5.3%,,Soar,8.5,,4.1%,,Tickle,17,,4.6%,,Ferps,12,,5.5%,,Kurama,6,,6.2%,,Leo D. Haki,3,,5.8%,,,,,,,,,,
,Ludo,9,,5.1%,,Nalga,2,,4.2%,,Zomba,2.5,,5%,,Toura,15,,5.3%,,Burst,6,,4%,,,,,,,Momon,7,,3.1%,,Tachyon,6,,4.2%,,Momon,9,,5.3%,,Tony Pajamas,7,,3.2%,,Gatsby,10,,4.9%,,,,,,,Kie,4,,2.5%,,Nanoash,2,,1.6%,,Futari no Kiwami Ah!,1,,1.8%,,Phuzix,9,,6.7%,,Sunry,1,,4.2%,,,,,,,Marce,3,,3.4%,,Kofi,6,,3.9%,,,,,,,Rox,3,,1.6%,,ElleGo,8,,5%,,,,,,,,,,,,ZoZeF,10,,2.4%,,Elvis,4,,4%,,Pollotopio,4.5,,3%,,Viola,2,,4.6%,,,,,,,Shoe,8,,6.4%,,BeatyBean,5,,2.4%,,Grape,12,,3.7%,,rm8,2,,6%,,Noi,12,,7.3%,,Kojika Yoshio,9,,4.1%,,Rizeo,2,,3.1%,,Wrath,12,,4.3%,,,,,,,MFA,9,,3.2%,,,,,,,Luma,11,,2.6%,,Marvelous_Marco,5,,5.3%,,RyuKai,11,,3.7%,,,,,,,Loading...,4,,2.7%,,Chunky,5,,6.1%,,MaT,1.5,,1.1%,,,,,,,Capsize,6,,5.6%,,Gen,15,,3.5%,,C.Kaleb,6,,3.1%,,iGreg!,3,,6.3%,,tru4,5,,3.3%,,,,,,,Jagabata,1,,2.8%,,Special_K,3,,2.1%,,Hover,5,,3.5%,,Luminous,10,,3.8%,,,,,,,Samuuu,6,,5.5%,,Showers,5,,5.2%,,,,,,,Nathan,1,,2.4%,,,,,,,Rizeo,2,,4.7%,,Nanon,1,,1.3,,,,,,,Zackray,12,,5%,,HOPE,1,,2.3%,,Bear,1,,3.2%,,Aegis,5,,2.9%,,TKM,3,,2.1%,,Justice,9,,4.9%,,Tropped,19,,4.8%,,Pokepen,7,,3.4%,,Blacktwins13,14,,3.8%,,Maw,8,,3.7%,,Whisky,4,,4.1%,,1004,2,,3.9%,,,,,,,,,,
,SkyWarrior!,8,,4.5%,,Rarikkusu,2,,4.2%,,Orange,2,,4%,,Headshot,8,,2.8%,,Raptor,5,,3.4%,,,,,,,Kaninabe,6,,2.7%,,ShinyMark,5,,3.5%,,Rarukun,9,,5.3%,,PsineWave,5,,2.3%,,AIR,6,,2.9%,,,,,,,Gliscor,3,,1.9%,,Exciled,1,,0.8%,,,,,,,Zackray,6,,4.5%,,,,,,,,,,,,Nacho,2,,2.3%,,FILIP,5,,3.2%,,,,,,,Meme,2.5,,1.3%,,Felker,7,,4.4%,,,,,,,,,,,,Zomba,9,,2.1%,,Law,4,,4%,,Frido,4,,2.7%,,L-Vis,1,,2.3%,,,,,,,Chag,7,,5.6%,,LOE1,5,,2.4%,,Tomberry,11,,3.4%,,Roger,2,,6%,,Ned,6,,3.7%,,Chicken,8,,3.6%,,REM!!!,1,,1.6%,,RYO,8,,2.9%,,,,,,,Shinnnnji,5,,1.8%,,,,,,,Sintro,11,,2.6%,,Hitsu,4,,4.3%,,Stocktaker69,10,,3.4%,,,,,,,AMOGonza,3,,2%,,Lizz,4,,4.9%,,Leaf,1.5,,1.1%,,,,,,,Stroder Ame,6,,5.6%,,Zie,15,,3.5%,,Terrarian,6,,3.1%,,Xaiop,2,,4.2%,,Elijmin,4,,2.7%,,,,,,,,,,,,Tsumusuto,2.5,,1.7%,,Sandstorm,5,,3.5%,,CurryGovernor,7,,2.6%,,,,,,,Leaf,6,,5.5%,,Luffyranha,4,,4.2%,,,,,,,,,,,,,,,,,MariyoTree,1,,2.4%,,Misia,1,,1.3,,,,,,,Shaka,9,,3.8%,,Kindofice,1,,2.3%,,Kilo Crimson,1,,3.2%,,AndresFn,4,,2.3%,,Lea,2,,1.4%,,Rinkururu,8,,4.3%,,Chokeyuken,9,,2.3%,,Jonhy,5,,2.4%,,Mr. R,14,,3.8%,,Hushpuppy,5,,2.3%,,Tet,3.5,,3.6%,,Tsu,2,,3.9%,,,,,,,,,,
,SamTeaSilver,7,,4%,,Sirove,2,,4.2%,,VinS,2,,4%,,Joker,8,,2.8%,,Banana Boy,3,,2%,,,,,,,RyuKai,5,,2.2%,,Zen,4,,2.8%,,Wise,6,,3.5%,,Debo!,4,,1.8%,,Big D,3,,1.5%,,,,,,,RobinGG,2,,1.3%,,Josepan,1,,0.8%,,,,,,,YOC,4,,3%,,,,,,,,,,,,Mossan,2,,2.3%,,blanc,5,,3.2%,,,,,,,Stranger,2,,1.1%,,Injelly,6,,3.8%,,,,,,,,,,,,Jonhy,8,,1.9%,,Tope,3,,3%,,Across,4,,2.7%,,Uto,1,,2.3%,,,,,,,Gurudan,6,,4.8%,,Haven,3,,1.4%,,ScAtt,11,,3.4%,,Ravenking,2,,6%,,Luminous,6,,3.7%,,Xyxeon,8,,3.6%,,,,,,,VaLoR,8,,2.9%,,,,,,,Cyber,3,,1.1%,,,,,,,Grayson,11,,2.6%,,BOAT,4,,4.3%,,Chicken,8,,2.7%,,,,,,,AyaLin,3,,2%,,Crash,3,,3.7%,,Linus,0.5,,0.4%,,,,,,,Tsuna,5,,4.7%,,Ismael,8,,1.9%,,Rocke,6,,3.1%,,Angel,2,,4.2%,,Sirknight,4,,2.7%,,,,,,,,,,,,Inaqui,2,,1.4%,,Asimo,4,,2.8%,,Ned,6,,2.3%,,,,,,,Amaryllis,5,,4.5%,,$BK,3,,3.1%,,,,,,,,,,,,,,,,,,,,,,,,,,,,,,,,TriM,6.5,,2.7%,,kagexice,1,,2.3%,,Machu,1,,3.2%,,Tsu,4,,2.3%,,Lemmon,2,,1.4%,,"Oi, George!",7,,3.8%,,Gogesta,9,,2.3%,,Sriks,5,,2.4%,,MKLeo,12,,3.3%,,DarkBlues,5,,2.3%,,Stroder Ame,1,,1%,,Amiin,1,,1.9%,,,,,,,,,,
,Xavier,5,,2.8%,,Rarukun,1.5,,3.1%,,OBESOO,2,,4%,,WaDi,6.5,,2.3%,,Dynomyte,3,,2%,,,,,,,Felix,5,,2.2%,,Homika,2.5,,1.8%,,Who,5,,2.9%,,Beastly,2,,0.9%,,PeZ,3,,1.5%,,,,,,,Aleixo,2,,1.3%,,Rearlet,1,,0.8%,,,,,,,Pokepen,3,,2.2%,,,,,,,,,,,,,,,,,Motsunabe,4,,2.6%,,,,,,,SpeedyBlueDude,1.5,,0.8%,,z3,4,,2.5%,,,,,,,,,,,,Lancelot,7.5,,1.8%,,Lax,3,,3%,,Take&Watch,4,,2.7%,,jyo1,1,,2.3%,,,,,,,Exodia,5,,4%,,DD,3,,1.4%,,AC,10,,3.1%,,Goblin,1.5,,4.5%,,XIFL,4,,2.4%,,ABR,7,,3.2%,,,,,,,SuperGirlKels,7,,2.5%,,,,,,,Meiki,2,,0.7%,,,,,,,sssr,10,,2.4%,,Kyros,4,,4.3%,,EKING,7,,2.3%,,,,,,,Emma,2,,1.4%,,Evy,3,,3.7%,,,,,,,,,,,,AciD,4,,3.7%,,Juanpi,7,,1.6%,,HIKARU,5.75,,3%,,,,,,,Fizzmint,4,,2.7%,,,,,,,,,,,,takera,2,,1.4%,,Moonboyjosh,4,,2.8%,,Zomba,5.5,,2.1%,,,,,,,Imokenpi,3,,2.7%,,Blues,2,,2.1%,,,,,,,,,,,,,,,,,,,,,,,,,,,,,,,,Naitosharp,6,,2.5%,,Gedestra,1,,2.3%,,Juanpi,0.5,,1.6%,,YDelirious,4,,2.3%,,Siisqui,1.5,,1%,,MasterKill,6,,3.2%,,DM,8,,2%,,Cloudy,5,,2.4%,,Sensei,8,,2.2%,,Brr,4,,1.8%,,Rizeo,1,,1%,,Lunamado,1,,1.9%,,,,,,,,,,
,maze,5,,2.8%,,Trance,1,,2.1%,,Vex8,1,,2%,,Padrino,6,,2.1%,,Latios,3,,2%,,,,,,,Stroder,4,,1.8%,,Fryd Ryce,2,,1.4%,,Z minus,5,,2.9%,,Ramza,2,,0.9%,,NEL,2,,1%,,,,,,,Xav,2,,1.3%,,Linus,1,,0.8%,,,,,,,Captain L,3,,2.2%,,,,,,,,,,,,,,,,,faze,3,,1.9%,,,,,,,Jax,1,,0.5%,,Clique,3,,1.9%,,,,,,,,,,,,Chazz,7,,1.6%,,Flow,3,,3%,,Kaeru,3,,2%,,Klemenz,1,,2.3%,,,,,,,Yep,3,,2.4%,,Uraomote,3,,1.4%,,Sidarezakura,10,,3.1%,,,,,,,Tamopio,4,,2.4%,,Grim,6,,2.7%,,,,,,,Daige,7,,2.5%,,,,,,,thirty4,2,,0.7%,,,,,,,Biggymouth,10,,2.4%,,Cattail,3,,3.2%,,Atomsk,5,,1.7%,,,,,,,Komugiko,1,,0.7%,,CHACHO,2,,2.5%,,,,,,,,,,,,rebs,3,,2.8%,,Quinn,7,,1.6%,,Colmar,5,,2.6%,,,,,,,DoubleA,4,,2.7%,,,,,,,,,,,,Venom,1,,0.7%,,Sytonix,4,,2.8%,,enhancedpv,5,,1.9%,,,,,,,Nibodax,3,,2.7%,,WooxTom,2,,2.1%,,,,,,,,,,,,,,,,,,,,,,,,,,,,,,,,Kailen,5,,2.1%,,Usukeza,1,,2.3%,,,,,,,DarkStalker,3,,1.7%,,Mik,1,,0.7%,,Jeepers,5,,2.7%,,Soar,7.5,,1.9%,,ScAtt,4,,1.9%,,DM,8,,2.2%,,Nito,4,,1.8%,,OwlBBs,1,,1%,,,,,,,,,,,,,,,
,NoTag,5,,2.8%,,,,,,,,,,,,PsychoMyko,5,,1.8%,,Snoop,2,,1.3%,,,,,,,PeZ,3,,1.3%,,Lalo,1,,0.7%,,Crono,4,,2.3%,,,,,,,Garou,2,,1%,,,,,,,Lari,1,,0.6%,,Sandro,1,,0.8%,,,,,,,Javi,2,,1.5%,,,,,,,,,,,,,,,,,Duon,2,,1.3%,,,,,,,zuya,1,,0.5%,,Draver,3,,1.9%,,,,,,,,,,,,Stroder,6,,1.4%,,TonyClackos,3,,3%,,Dusk,2.5,,1.7%,,WingIt,0.5,,1.1%,,,,,,,shky,3,,2.4%,,Skitz,3,,1.4%,,Player 7,9,,2.8%,,,,,,,HIKARU,3.5,,2.1%,,Jix,5,,2.3%,,,,,,,Poyo,4,,1.4%,,,,,,,Doman,1,,0.4%,,,,,,,Epic_Gabriel,9,,2.1%,,Kunai Kazekun,1,,1.1%,,Higusaki,5,,1.7%,,,,,,,Regulating_Mofo,1,,0.7%,,Floppeh,2,,2.5%,,,,,,,,,,,,Donquavious,3,,2.8%,,Mystearica,6,,1.4%,,Chonren,5,,2.6%,,,,,,,Kinaji,4,,2.7%,,,,,,,,,,,,Maeda,1,,0.7%,,Smirk,3,,2.1%,,Caius,4,,1.5%,,,,,,,Ismael,2,,1.8%,,SquidSnipe,1,,1%,,,,,,,,,,,,,,,,,,,,,,,,,,,,,,,,Nhan,5,,2.1%,,,,,,,,,,,,Nito,3,,1.7%,,,,,,,yuzu,4,,2.2%,,MazeBeans,7,,1.8%,,Jordan,3.5,,1.7%,,AyaLin,6,,1.6%,,MKLeo,3,,1.4%,,Deathspade,0.5,,0.5%,,,,,,,,,,,,,,,
,Zephyr,5,,2.8%,,,,,,,,,,,,Parme,4,,1.4%,,Justin22,2,,1.3%,,,,,,,faze,3,,1.3%,,,,,,,Kaedegi,3,,1.8%,,,,,,,Arctice,2,,1%,,,,,,,Tomrod,1,,0.6%,,,,,,,,,,,,Big_mak,2,,1.5%,,,,,,,,,,,,,,,,,Jaxter,2,,1.3%,,,,,,,Javi,1,,0.5%,,Kyros,2,,1.3%,,,,,,,,,,,,GotM,5.5,,1.3%,,Leon,2,,2%,,woahwoah,2,,1.3%,,Kingel,0.5,,1.1%,,,,,,,Opsine,1,,0.8%,,Harlonga,2,,1%,,Sensei,8,,2.5%,,,,,,,Showers,2.5,,1.5%,,Nietono,5,,2.3%,,,,,,,Seco,4,,1.4%,,,,,,,L-Vis,0.5,,0.2%,,,,,,,8BitMan,8,,1.9%,,,,,,,ReN,5,,1.7%,,,,,,,Blues,1,,0.7%,,Sergio,2,,2.5%,,,,,,,,,,,,GoofyGoober,2,,1.9%,,Mtkat,5,,1.2%,,polka,4,,2.1%,,,,,,,TeemoXC,3,,2%,,,,,,,,,,,,Nathan,1,,0.7%,,Heaven,3,,2.1%,,Rox,3,,1.1%,,,,,,,Sabio1,2,,1.8%,,LA GRIMACE,1,,1%,,,,,,,,,,,,,,,,,,,,,,,,,,,,,,,,Mercury,5,,2.1%,,,,,,,,,,,,Nathan,2,,1.2%,,,,,,,Raleck,4,,2.2%,,RockMan,6,,1.5%,,Grim,3,,1.5%,,Armadillo,6,,1.6%,,Ina_Phenom,3,,1.4%,,Craftis,0.5,,0.5%,,,,,,,,,,,,,,,
,Peppa,3,,1.7%,,,,,,,,,,,,Kace,3,,1.1%,,XxAlejoxX,2,,1.3%,,,,,,,Lui$,2,,0.9%,,,,,,,Radish King,2,,1.2%,,,,,,,Zerango,2,,1%,,,,,,,420PeachIt,1,,0.6%,,,,,,,,,,,,Soluna,2,,1.5%,,,,,,,,,,,,,,,,,Active,2,,1.3%,,,,,,,,,,,,Yungsz,2,,1.3%,,,,,,,,,,,,Alice,5,,1.2%,,Geova,1.5,,1.5%,,Poppt1,1.5,,1%,,,,,,,,,,,,Iba,1,,0.8%,,Frido,2,,1%,,Bobo,8,,2.5%,,,,,,,Ouch!?,2.5,,1.5%,,Rivers,4,,1.8%,,,,,,,Fancy,4,,1.4%,,,,,,,,,,,,,,,,,Kazma,8,,1.9%,,,,,,,Shori,5,,1.7%,,,,,,,,,,,,Same,1,,1.2%,,,,,,,,,,,,tama,1,,0.9%,,Eko,5,,1.2%,,pacstreet,3,,1.5%,,,,,,,Youyou,3,,2%,,,,,,,,,,,,,,,,,Fancy,2,,1.4%,,Todlumeire,3,,1.1%,,,,,,,Pokepen,2,,1.8%,,,,,,,,,,,,,,,,,,,,,,,,,,,,,,,,,,,,,Wonf,4,,1.7%,,,,,,,,,,,,Patrino,2,,1.2%,,,,,,,Yrneh,3,,1.6%,,Triple A,6,,1.5%,,Abadango,1.5,,0.7%,,Gomakenpi,5,,1.4%,,Anality,3,,1.4%,,Lax,0.5,,0.5%,,,,,,,,,,,,,,,
,Teb,3,,1.7%,,,,,,,,,,,,NoTag,2.5,,0.9%,,Bac,2,,1.3%,,,,,,,Kindred,2,,0.9%,,,,,,,Milodo,2,,1.2%,,,,,,,StarMod,2,,1%,,,,,,,,,,,,,,,,,,,,,,Senn,1,,0.7%,,,,,,,,,,,,,,,,,Special K,2,,1.3%,,,,,,,,,,,,Blueboo,0.5,,0.3%,,,,,,,,,,,,Sriks,5,,1.2%,,Radiant,1,,1%,,Yael,1,,0.7%,,,,,,,,,,,,Muramura,1,,0.8%,,Oryon,1.5,,0.7%,,BeJay !,6,,1.8%,,,,,,,Doorstop,2,,1.2%,,Legit,4,,1.8%,,,,,,,Josuke,2,,0.7%,,,,,,,,,,,,,,,,,Longo,7,,1.7%,,,,,,,Masha,5,,1.7%,,,,,,,,,,,,,,,,,,,,,,,,,,,Mewmon,1,,0.9%,,Akasa,5,,1.2%,,Beji,2,,1%,,,,,,,DarkShad,2,,1.3%,,,,,,,,,,,,,,,,,DarkShad,2,,1.4%,,Rizeasu,3,,1.1%,,,,,,,Deathspade,1,,0.9%,,,,,,,,,,,,,,,,,,,,,,,,,,,,,,,,,,,,,VoiD,4,,1.7%,,,,,,,,,,,,Vendetta,2,,1.2%,,,,,,,Exor,3,,1.6%,,Just Blue,6,,1.5%,,Niko,1.5,,0.7%,,Castle,5,,1.4%,,Grim,3,,1.4%,,,,,,,,,,,,,,,,,,,,
,FILIP,2.5,,1.4%,,,,,,,,,,,,Spectral,2,,0.7%,,Ividal,1,,0.7%,,,,,,,Shogun,1.5,,0.7%,,,,,,,Suadero,2,,1.2%,,,,,,,Tsuba,2,,1%,,,,,,,,,,,,,,,,,,,,,,Felix,1,,0.7%,,,,,,,,,,,,,,,,,FuerzaDON,1.5,,1%,,,,,,,,,,,,,,,,,,,,,,,,,,,Dusk,5,,1.2%,,Stroder Ame,1,,1%,,Amiin,1,,0.7%,,,,,,,,,,,,,,,,,Cho,1,,0.5%,,Sticccy,5,,1.5%,,,,,,,Smallleft,2,,1.2%,,Eko,3,,1.4%,,,,,,,Kichiro,2,,0.7%,,,,,,,,,,,,,,,,,Machu,7,,1.7%,,,,,,,HIDE,4,,1.3%,,,,,,,,,,,,,,,,,,,,,,,,,,,Hinatoto,1,,0.9%,,Neeroz,4.5,,1.1%,,The6Master,1,,0.5%,,,,,,,Ramses,1,,0.7%,,,,,,,,,,,,,,,,,Maman,1,,0.7%,,NeoChronos,3,,1.1%,,,,,,,Logue,1,,0.9%,,,,,,,,,,,,,,,,,,,,,,,,,,,,,,,,,,,,,Bloom4Eva,4,,1.7%,,,,,,,,,,,,Cless,1,,0.6%,,,,,,,deviljhotaro,3,,1.6%,,Noel,5,,1.3%,,Nathan,1,,0.5%,,Jin,5,,1.4%,,Moqi,3,,1.4%,,,,,,,,,,,,,,,,,,,,
,Shido,2,,1.1%,,,,,,,,,,,,AQuBe,2,,0.7%,,arsumu,1,,0.7%,,,,,,,Float,1,,0.4%,,,,,,,Ogatou,2,,1.2%,,,,,,,yoko,1,,0.5%,,,,,,,,,,,,,,,,,,,,,,Komugiko,0.5,,0.4%,,,,,,,,,,,,,,,,,ZoZeF,1.5,,1%,,,,,,,,,,,,,,,,,,,,,,,,,,,XIFL,4,,0.9%,,Ruven,1,,1%,,Irregular,1,,0.7%,,,,,,,,,,,,,,,,,Bastos,1,,0.5%,,Br1 AV,5,,1.5%,,,,,,,Nonocolors,2,,1.2%,,TKM,3,,1.4%,,,,,,,LeSoS,1,,0.4%,,,,,,,,,,,,,,,,,Vidad,6,,1.4%,,,,,,,Morsalsa,4,,1.3%,,,,,,,,,,,,,,,,,,,,,,,,,,,Keekay,1,,0.9%,,$BK,4,,0.9%,,,,,,,,,,,,,,,,,,,,,,,,,,,,,,,,Maeda,1,,0.7%,,Chonren,2.5,,0.9%,,,,,,,,,,,,,,,,,,,,,,,,,,,,,,,,,,,,,,,,,,,,,,,Rox,3,,1.3%,,,,,,,,,,,,Tomberry,1,,0.6%,,,,,,,MaT,3,,1.6%,,Kowalski_023,5,,1.3%,,Kaninabe,1,,0.5%,,Nair,4,,1.1%,,Royling,2,,0.9%,,,,,,,,,,,,,,,,,,,,
,Sonido,2,,1.1%,,,,,,,,,,,,Xeon,2,,0.7%,,Malisker,1,,0.7%,,,,,,,Mina,0.5,,0.2%,,,,,,,Mind,1,,0.6%,,,,,,,CaptainCRUP!!!,1,,0.5%,,,,,,,,,,,,,,,,,,,,,,,,,,,,,,,,,,,,,,,,,,WingIt,1,,0.6%,,,,,,,,,,,,,,,,,,,,,,,,,,,Blacktwins13,4,,0.9%,,Gidy,1,,1%,,Chichibu Travel,1,,0.7%,,,,,,,,,,,,,,,,,Mina,1,,0.5%,,Chronos,4,,1.2%,,,,,,,Mizuko,2,,1.2%,,Naitosharp,3,,1.4%,,,,,,,BluThunder,1,,0.4%,,,,,,,,,,,,,,,,,Kuroponzu,6,,1.4%,,,,,,,Dany,4,,1.3%,,,,,,,,,,,,,,,,,,,,,,,,,,,Piplup,1,,0.9%,,Yei,3,,0.7%,,,,,,,,,,,,,,,,,,,,,,,,,,,,,,,,Bino,1,,0.7%,,Blacktwins13,2.5,,0.9%,,,,,,,,,,,,,,,,,,,,,,,,,,,,,,,,,,,,,,,,,,,,,,,Tury,3,,1.3%,,,,,,,,,,,,Naz,1,,0.6%,,,,,,,Yori,2,,1.1%,,Rarukun,5,,1.3%,,Omega,1,,0.5%,,Jayce,4,,1.1%,,Big Stew,2,,0.9%,,,,,,,,,,,,,,,,,,,,
,Ssaturday,2,,1.1%,,,,,,,,,,,,Fairess,2,,0.7%,,SkullKid,1,,0.7%,,,,,,,,,,,,,,,,,Guti,1,,0.6%,,,,,,,Biggymouth,0.5,,0.2%,,,,,,,,,,,,,,,,,,,,,,,,,,,,,,,,,,,,,,,,,,Nexus,1,,0.6%,,,,,,,,,,,,,,,,,,,,,,,,,,,Bonilla,4,,0.9%,,merf,1,,1%,,Renami,1,,0.7%,,,,,,,,,,,,,,,,,crepe sale,1,,0.5%,,GOHAN,4,,1.2%,,,,,,,Adrian,2,,1.2%,,Rikuya,3,,1.4%,,,,,,,SuperStriker,1,,0.4%,,,,,,,,,,,,,,,,,Jams,6,,1.4%,,,,,,,Kola,4,,1.3%,,,,,,,,,,,,,,,,,,,,,,,,,,,Vanilla,1,,0.9%,,Lukitu,3,,0.7%,,,,,,,,,,,,,,,,,,,,,,,,,,,,,,,,SRK,1,,0.7%,,ReN,2.5,,0.9%,,,,,,,,,,,,,,,,,,,,,,,,,,,,,,,,,,,,,,,,,,,,,,,Atelier,2.5,,1%,,,,,,,,,,,,,,,,,,,,,,Dan,2,,1.1%,,Gomakenpi,5,,1.3%,,,,,,,Poyo,4,,1.1%,,KR,1.5,,0.7%,,,,,,,,,,,,,,,,,,,,
,Ave,2,,1.1%,,,,,,,,,,,,Q,2,,0.7%,,Lukingordex,1,,0.7%,,,,,,,,,,,,,,,,,,,,,,,,,,,,,,,,,,,,,,,,,,,,,,,,,,,,,,,,,,,,,,,,,,,,,,,,,,,,,,,,,,,,,,,,,,,,,,,,,,,,,,Cyro,3,,0.7%,,,,,,,,,,,,,,,,,,,,,,,,,,,HIKARU,0.5,,0.2%,,Panti,4,,1.2%,,,,,,,CStream,1,,0.6%,,Player-1,3,,1.4%,,,,,,,GreenSylvi,1,,0.4%,,,,,,,,,,,,,,,,,Genialo,6,,1.4%,,,,,,,Naitosharp,3,,1%,,,,,,,,,,,,,,,,,,,,,,,,,,,,,,,,Hydra,3,,0.7%,,,,,,,,,,,,,,,,,,,,,,,,,,,,,,,,Mauu,1,,0.7%,,Tsu,2,,0.8%,,,,,,,,,,,,,,,,,,,,,,,,,,,,,,,,,,,,,,,,,,,,,,,Cloudy,2.5,,1%,,,,,,,,,,,,,,,,,,,,,,Demo,2,,1.1%,,Yori,4,,1%,,,,,,,tarakotori,4,,1.1%,,WF,1,,0.5%,,,,,,,,,,,,,,,,,,,,
,Cobra,2,,1.1%,,,,,,,,,,,,Hide,2,,0.7%,,Macha,1,,0.7%,,,,,,,,,,,,,,,,,,,,,,,,,,,,,,,,,,,,,,,,,,,,,,,,,,,,,,,,,,,,,,,,,,,,,,,,,,,,,,,,,,,,,,,,,,,,,,,,,,,,,,Frostbyte,3,,0.7%,,,,,,,,,,,,,,,,,,,,,,,,,,,,,,,,Zeta,4,,1.2%,,,,,,,Fez,1,,0.6%,,kept,2.5,,1.1%,,,,,,,Craftis,1,,0.4%,,,,,,,,,,,,,,,,,Mikimatsu,5,,1.2%,,,,,,,Tweek,3,,1%,,,,,,,,,,,,,,,,,,,,,,,,,,,,,,,,Kimbo,3,,0.7%,,,,,,,,,,,,,,,,,,,,,,,,,,,,,,,,,,,,,Pineda,2,,0.8%,,,,,,,,,,,,,,,,,,,,,,,,,,,,,,,,,,,,,,,,,,,,,,,Sabito,2,,0.8%,,,,,,,,,,,,,,,,,,,,,,HIDE,2,,1.1%,,Pow,4,,1%,,,,,,,Tet,3.5,,1%,,Turtle,1,,0.5%,,,,,,,,,,,,,,,,,,,,
,Scot,1.5,,0.9%,,,,,,,,,,,,ARJAY!!,1,,0.4%,,,,,,,,,,,,,,,,,,,,,,,,,,,,,,,,,,,,,,,,,,,,,,,,,,,,,,,,,,,,,,,,,,,,,,,,,,,,,,,,,,,,,,,,,,,,,,,,,,,,,,,,,,,Swain,3,,0.7%,,,,,,,,,,,,,,,,,,,,,,,,,,,,,,,,Vinny G,3,,0.9%,,,,,,,ZanT,1,,0.6%,,Paseriman,2,,0.9%,,,,,,,,,,,,,,,,,,,,,,,,,,,MKLeo,5,,1.2%,,,,,,,Poppt1,3,,1%,,,,,,,,,,,,,,,,,,,,,,,,,,,,,,,,SoudSamus,2,,0.5%,,,,,,,,,,,,,,,,,,,,,,,,,,,,,,,,,,,,,Masashi,2,,0.8%,,,,,,,,,,,,,,,,,,,,,,,,,,,,,,,,,,,,,,,,,,,,,,,Akuga,2,,0.8%,,,,,,,,,,,,,,,,,,,,,,SpeedyBlueDude,1.5,,0.8%,,Spot,4,,1%,,,,,,,Sirjon,3,,0.8%,,Vermillion,1,,0.5%,,,,,,,,,,,,,,,,,,,,
,Noir,1,,0.6%,,,,,,,,,,,,Vizard,1,,0.4%,,,,,,,,,,,,,,,,,,,,,,,,,,,,,,,,,,,,,,,,,,,,,,,,,,,,,,,,,,,,,,,,,,,,,,,,,,,,,,,,,,,,,,,,,,,,,,,,,,,,,,,,,,,PositiveW,3,,0.7%,,,,,,,,,,,,,,,,,,,,,,,,,,,,,,,,frawg,2,,0.6%,,,,,,,,,,,,Nelvin,2,,0.9%,,,,,,,,,,,,,,,,,,,,,,,,,,,boosk,4,,0.9%,,,,,,,Darkblues,2.5,,0.8%,,,,,,,,,,,,,,,,,,,,,,,,,,,,,,,,Tama,2,,0.5%,,,,,,,,,,,,,,,,,,,,,,,,,,,,,,,,,,,,,Sabito,2,,0.8%,,,,,,,,,,,,,,,,,,,,,,,,,,,,,,,,,,,,,,,,,,,,,,,Mossan,2,,0.8%,,,,,,,,,,,,,,,,,,,,,,Dayyy,1,,0.5%,,Ente,4,,1%,,,,,,,Ripka,3,,0.8%,,Venom,1,,0.5%,,,,,,,,,,,,,,,,,,,,
,One O' Seven,1,,0.6%,,,,,,,,,,,,JJcat00,1,,0.4%,,,,,,,,,,,,,,,,,,,,,,,,,,,,,,,,,,,,,,,,,,,,,,,,,,,,,,,,,,,,,,,,,,,,,,,,,,,,,,,,,,,,,,,,,,,,,,,,,,,,,,,,,,,Toura,3,,0.7%,,,,,,,,,,,,,,,,,,,,,,,,,,,,,,,,Tarmogoyf,2,,0.6%,,,,,,,,,,,,Duon,2,,0.9%,,,,,,,,,,,,,,,,,,,,,,,,,,,SebPro101,4,,0.9%,,,,,,,Capitancito,2.5,,0.8%,,,,,,,,,,,,,,,,,,,,,,,,,,,,,,,,Pineda,2,,0.5%,,,,,,,,,,,,,,,,,,,,,,,,,,,,,,,,,,,,,Rugal,2,,0.8%,,,,,,,,,,,,,,,,,,,,,,,,,,,,,,,,,,,,,,,,,,,,,,,Rugal,2,,0.8%,,,,,,,,,,,,,,,,,,,,,,Linus,0.5,,0.3%,,Steffen,4,,1%,,,,,,,Kome,3,,0.8%,,,,,,,,,,,,,,,,,,,,,,,,,
,Necro,1,,0.6%,,,,,,,,,,,,Exie,1,,0.4%,,,,,,,,,,,,,,,,,,,,,,,,,,,,,,,,,,,,,,,,,,,,,,,,,,,,,,,,,,,,,,,,,,,,,,,,,,,,,,,,,,,,,,,,,,,,,,,,,,,,,,,,,,,Leon,3,,0.7%,,,,,,,,,,,,,,,,,,,,,,,,,,,,,,,,XIFL,2,,0.6%,,,,,,,,,,,,Blue,2,,0.9%,,,,,,,,,,,,,,,,,,,,,,,,,,,Nin',4,,0.9%,,,,,,,Tamopio,2,,0.7%,,,,,,,,,,,,,,,,,,,,,,,,,,,,,,,,Firstbones,1,,0.2%,,,,,,,,,,,,,,,,,,,,,,,,,,,,,,,,,,,,,GotM,1.5,,0.6%,,,,,,,,,,,,,,,,,,,,,,,,,,,,,,,,,,,,,,,,,,,,,,,Kip!,2,,0.8%,,,,,,,,,,,,,,,,,,,,,,Sidarezakura,0.5,,0.3%,,Riku,4,,1%,,,,,,,Riteshia,3,,0.8%,,,,,,,,,,,,,,,,,,,,,,,,,
,Tatsutsuyo,1,,0.6%,,,,,,,,,,,,Divine,1,,0.4%,,,,,,,,,,,,,,,,,,,,,,,,,,,,,,,,,,,,,,,,,,,,,,,,,,,,,,,,,,,,,,,,,,,,,,,,,,,,,,,,,,,,,,,,,,,,,,,,,,,,,,,,,,,Kameme,3,,0.7%,,,,,,,,,,,,,,,,,,,,,,,,,,,,,,,,Renegade,2,,0.6%,,,,,,,,,,,,Raleck,2,,0.9%,,,,,,,,,,,,,,,,,,,,,,,,,,,AleX,3,,0.7%,,,,,,,Boodabam,2,,0.7%,,,,,,,,,,,,,,,,,,,,,,,,,,,,,,,,Cyan,1,,0.2%,,,,,,,,,,,,,,,,,,,,,,,,,,,,,,,,,,,,,Tweek,1.5,,0.6%,,,,,,,,,,,,,,,,,,,,,,,,,,,,,,,,,,,,,,,,,,,,,,,BubblesBruno,1,,0.4%,,,,,,,,,,,,,,,,,,,,,,Pacstreet,0.5,,0.3%,,_trey5,4,,1%,,,,,,,PsineWave,2.5,,0.7%,,,,,,,,,,,,,,,,,,,,,,,,,
,Bear,0.5,,0.3%,,,,,,,,,,,,tama,0.5,,0.2%,,,,,,,,,,,,,,,,,,,,,,,,,,,,,,,,,,,,,,,,,,,,,,,,,,,,,,,,,,,,,,,,,,,,,,,,,,,,,,,,,,,,,,,,,,,,,,,,,,,,,,,,,,,Geova,3,,0.7%,,,,,,,,,,,,,,,,,,,,,,,,,,,,,,,,Ghassan,2,,0.6%,,,,,,,,,,,,MOZA,2,,0.9%,,,,,,,,,,,,,,,,,,,,,,,,,,,Evil Bez,3,,0.7%,,,,,,,Lalini,2,,0.7%,,,,,,,,,,,,,,,,,,,,,,,,,,,,,,,,ShinshiKun,1,,0.2%,,,,,,,,,,,,,,,,,,,,,,,,,,,,,,,,,,,,,Kingel,1,,0.4%,,,,,,,,,,,,,,,,,,,,,,,,,,,,,,,,,,,,,,,,,,,,,,,Emp,1,,0.4%,,,,,,,,,,,,,,,,,,,,,,,,,,,Many,4,,1%,,,,,,,MoDzai,2.5,,0.7%,,,,,,,,,,,,,,,,,,,,,,,,,
,,,,,,,,,,,,,,,,,,,,,,,,,,,,,,,,,,,,,,,,,,,,,,,,,,,,,,,,,,,,,,,,,,,,,,,,,,,,,,,,,,,,,,,,,,,,,,,,,,,,,,,,,,,,,,,,,,,,,,,,,,,,,,Yamanaction,3,,0.7%,,,,,,,,,,,,,,,,,,,,,,,,,,,,,,,,Rayquaza07,2,,0.6%,,,,,,,,,,,,SBF,1,,0.5%,,,,,,,,,,,,,,,,,,,,,,,,,,,Gogesta,2.5,,0.6%,,,,,,,iBet,2,,0.7%,,,,,,,,,,,,,,,,,,,,,,,,,,,,,,,,Arkangel,1,,0.2%,,,,,,,,,,,,,,,,,,,,,,,,,,,,,,,,,,,,,Zapata,1,,0.4%,,,,,,,,,,,,,,,,,,,,,,,,,,,,,,,,,,,,,,,,,,,,,,,Vermillion,1,,0.4%,,,,,,,,,,,,,,,,,,,,,,,,,,,ruketasu,3,,0.8%,,,,,,,Wonf,2,,0.5%,,,,,,,,,,,,,,,,,,,,,,,,,
,,,,,,,,,,,,,,,,,,,,,,,,,,,,,,,,,,,,,,,,,,,,,,,,,,,,,,,,,,,,,,,,,,,,,,,,,,,,,,,,,,,,,,,,,,,,,,,,,,,,,,,,,,,,,,,,,,,,,,,,,,,,,,Tsuna,2.5,,0.6%,,,,,,,,,,,,,,,,,,,,,,,,,,,,,,,,ZoZeF,1.5,,0.5%,,,,,,,,,,,,otek,1,,0.5%,,,,,,,,,,,,,,,,,,,,,,,,,,,Domnique,2,,0.5%,,,,,,,Smokk,1,,0.3%,,,,,,,,,,,,,,,,,,,,,,,,,,,,,,,,Alee,1,,0.2%,,,,,,,,,,,,,,,,,,,,,,,,,,,,,,,,,,,,,,,,,,,,,,,,,,,,,,,,,,,,,,,,,,,,,,,,,,,,,,,,,,,,,,,Gorioka,1,,0.4%,,,,,,,,,,,,,,,,,,,,,,,,,,,Ina_Phenom,3,,0.8%,,,,,,,Cobra,2,,0.5%,,,,,,,,,,,,,,,,,,,,,,,,,
,,,,,,,,,,,,,,,,,,,,,,,,,,,,,,,,,,,,,,,,,,,,,,,,,,,,,,,,,,,,,,,,,,,,,,,,,,,,,,,,,,,,,,,,,,,,,,,,,,,,,,,,,,,,,,,,,,,,,,,,,,,,,,Smokk,2,,0.5%,,,,,,,,,,,,,,,,,,,,,,,,,,,,,,,,Ronnichu,1,,0.3%,,,,,,,,,,,,yuzu,1,,0.5%,,,,,,,,,,,,,,,,,,,,,,,,,,,DC,2,,0.5%,,,,,,,Paseriman,1,,0.3%,,,,,,,,,,,,,,,,,,,,,,,,,,,,,,,,HIDE,1,,0.2%,,,,,,,,,,,,,,,,,,,,,,,,,,,,,,,,,,,,,,,,,,,,,,,,,,,,,,,,,,,,,,,,,,,,,,,,,,,,,,,,,,,,,,,Stroder Ame,1,,0.4%,,,,,,,,,,,,,,,,,,,,,,,,,,,Gaia,2,,0.5%,,,,,,,Sunry,2,,0.5%,,,,,,,,,,,,,,,,,,,,,,,,,
,,,,,,,,,,,,,,,,,,,,,,,,,,,,,,,,,,,,,,,,,,,,,,,,,,,,,,,,,,,,,,,,,,,,,,,,,,,,,,,,,,,,,,,,,,,,,,,,,,,,,,,,,,,,,,,,,,,,,,,,,,,,,,Legend of Flabby,2,,0.5%,,,,,,,,,,,,,,,,,,,,,,,,,,,,,,,,Yousef2AT,1,,0.3%,,,,,,,,,,,,Massa,1,,0.5%,,,,,,,,,,,,,,,,,,,,,,,,,,,Bonilla,2,,0.5%,,,,,,,Splash Daddy,1,,0.3%,,,,,,,,,,,,,,,,,,,,,,,,,,,,,,,,Retired Reina,1,,0.2%,,,,,,,,,,,,,,,,,,,,,,,,,,,,,,,,,,,,,,,,,,,,,,,,,,,,,,,,,,,,,,,,,,,,,,,,,,,,,,,,,,,,,,,Jcklonk,1,,0.4%,,,,,,,,,,,,,,,,,,,,,,,,,,,Royling,2,,0.5%,,,,,,,Tama,2,,0.5%,,,,,,,,,,,,,,,,,,,,,,,,,
,,,,,,,,,,,,,,,,,,,,,,,,,,,,,,,,,,,,,,,,,,,,,,,,,,,,,,,,,,,,,,,,,,,,,,,,,,,,,,,,,,,,,,,,,,,,,,,,,,,,,,,,,,,,,,,,,,,,,,,,,,,,,,tk3,2,,0.5%,,,,,,,,,,,,,,,,,,,,,,,,,,,,,,,,Ram,1,,0.3%,,,,,,,,,,,,NEL,1,,0.5%,,,,,,,,,,,,,,,,,,,,,,,,,,,DH Hunter,2,,0.5%,,,,,,,SeveR,1,,0.3%,,,,,,,,,,,,,,,,,,,,,,,,,,,,,,,,SeveR,1,,0.2%,,,,,,,,,,,,,,,,,,,,,,,,,,,,,,,,,,,,,,,,,,,,,,,,,,,,,,,,,,,,,,,,,,,,,,,,,,,,,,,,,,,,,,,,,,,,,,,,,,,,,,,,,,,,,,,,,,,,,Machu,2,,0.5%,,,,,,,ALtek,1.5,,0.4%,,,,,,,,,,,,,,,,,,,,,,,,,
,,,,,,,,,,,,,,,,,,,,,,,,,,,,,,,,,,,,,,,,,,,,,,,,,,,,,,,,,,,,,,,,,,,,,,,,,,,,,,,,,,,,,,,,,,,,,,,,,,,,,,,,,,,,,,,,,,,,,,,,,,,,,,Rinor,2,,0.5%,,,,,,,,,,,,,,,,,,,,,,,,,,,,,,,,Kisha,1,,0.3%,,,,,,,,,,,,Cesco,1,,0.5%,,,,,,,,,,,,,,,,,,,,,,,,,,,Hareta,1,,0.2%,,,,,,,Natsumegu,1,,0.3%,,,,,,,,,,,,,,,,,,,,,,,,,,,,,,,,Trent,1,,0.2%,,,,,,,,,,,,,,,,,,,,,,,,,,,,,,,,,,,,,,,,,,,,,,,,,,,,,,,,,,,,,,,,,,,,,,,,,,,,,,,,,,,,,,,,,,,,,,,,,,,,,,,,,,,,,,,,,,,,,TNath,2,,0.5%,,,,,,,Eko,1.5,,0.4%,,,,,,,,,,,,,,,,,,,,,,,,,
,,,,,,,,,,,,,,,,,,,,,,,,,,,,,,,,,,,,,,,,,,,,,,,,,,,,,,,,,,,,,,,,,,,,,,,,,,,,,,,,,,,,,,,,,,,,,,,,,,,,,,,,,,,,,,,,,,,,,,,,,,,,,,Lookkrung,1,,0.2%,,,,,,,,,,,,,,,,,,,,,,,,,,,,,,,,Swain,1,,0.3%,,,,,,,,,,,,,,,,,,,,,,,,,,,,,,,,,,,,,,,,,,M.O.D.,1,,0.2%,,,,,,,Pelon,1,,0.3%,,,,,,,,,,,,,,,,,,,,,,,,,,,,,,,,Hinatoto,0.5,,0.1%,,,,,,,,,,,,,,,,,,,,,,,,,,,,,,,,,,,,,,,,,,,,,,,,,,,,,,,,,,,,,,,,,,,,,,,,,,,,,,,,,,,,,,,,,,,,,,,,,,,,,,,,,,,,,,,,,,,,,Suadero,2,,0.5%,,,,,,,Javi,1,,0.3%,,,,,,,,,,,,,,,,,,,,,,,,,
,,,,,,,,,,,,,,,,,,,,,,,,,,,,,,,,,,,,,,,,,,,,,,,,,,,,,,,,,,,,,,,,,,,,,,,,,,,,,,,,,,,,,,,,,,,,,,,,,,,,,,,,,,,,,,,,,,,,,,,,,,,,,,Blueboo,1,,0.2%,,,,,,,,,,,,,,,,,,,,,,,,,,,,,,,,Slushee,1,,0.3%,,,,,,,,,,,,,,,,,,,,,,,,,,,,,,,,,,,,,,,,,,Vargoose,1,,0.2%,,,,,,,YBL,1,,0.3%,,,,,,,,,,,,,,,,,,,,,,,,,,,,,,,,,,,,,,,,,,,,,,,,,,,,,,,,,,,,,,,,,,,,,,,,,,,,,,,,,,,,,,,,,,,,,,,,,,,,,,,,,,,,,,,,,,,,,,,,,,,,,,,,,,,,,,,,,,,,,,,,,,,,,,,,Stroder Ame,1.5,,0.4%,,,,,,,Greil,1,,0.3%,,,,,,,,,,,,,,,,,,,,,,,,,
,,,,,,,,,,,,,,,,,,,,,,,,,,,,,,,,,,,,,,,,,,,,,,,,,,,,,,,,,,,,,,,,,,,,,,,,,,,,,,,,,,,,,,,,,,,,,,,,,,,,,,,,,,,,,,,,,,,,,,,,,,,,,,Gidy,1,,0.2%,,,,,,,,,,,,,,,,,,,,,,,,,,,,,,,,Alting,1,,0.3%,,,,,,,,,,,,,,,,,,,,,,,,,,,,,,,,,,,,,,,,,,Divine,1,,0.2%,,,,,,,Irregular,0.5,,0.2%,,,,,,,,,,,,,,,,,,,,,,,,,,,,,,,,,,,,,,,,,,,,,,,,,,,,,,,,,,,,,,,,,,,,,,,,,,,,,,,,,,,,,,,,,,,,,,,,,,,,,,,,,,,,,,,,,,,,,,,,,,,,,,,,,,,,,,,,,,,,,,,,,,,,,,,,niPin,1,,0.3%,,,,,,,Caius,1,,0.3%,,,,,,,,,,,,,,,,,,,,,,,,,
,,,,,,,,,,,,,,,,,,,,,,,,,,,,,,,,,,,,,,,,,,,,,,,,,,,,,,,,,,,,,,,,,,,,,,,,,,,,,,,,,,,,,,,,,,,,,,,,,,,,,,,,,,,,,,,,,,,,,,,,,,,,,,Radiant,1,,0.2%,,,,,,,,,,,,,,,,,,,,,,,,,,,,,,,,,,,,,,,,,,,,,,,,,,,,,,,,,,,,,,,,,,,,,,,,,,,,,TheGertigs,1,,0.2%,,,,,,,NaetorU,0.5,,0.2%,,,,,,,,,,,,,,,,,,,,,,,,,,,,,,,,,,,,,,,,,,,,,,,,,,,,,,,,,,,,,,,,,,,,,,,,,,,,,,,,,,,,,,,,,,,,,,,,,,,,,,,,,,,,,,,,,,,,,,,,,,,,,,,,,,,,,,,,,,,,,,,,,,,,,,,,Samuel,1,,0.3%,,,,,,,,,,,,,,,,,,,,,,,,,,,,,,,,,,,
,,,,,,,,,,,,,,,,,,,,,,,,,,,,,,,,,,,,,,,,,,,,,,,,,,,,,,,,,,,,,,,,,,,,,,,,,,,,,,,,,,,,,,,,,,,,,,,,,,,,,,,,,,,,,,,,,,,,,,,,,,,,,,,,,,,,,,,,,,,,,,,,,,,,,,,,,,,,,,,,,,,,,,,,,,,,,,,,,,,,,,,,,,,,,,,,,,,,,,,,,,,,,,Tom,1,,0.2%,,,,,,,,,,,,,,,,,,,,,,,,,,,,,,,,,,,,,,,,,,,,,,,,,,,,,,,,,,,,,,,,,,,,,,,,,,,,,,,,,,,,,,,,,,,,,,,,,,,,,,,,,,,,,,,,,,,,,,,,,,,,,,,,,,,,,,,,,,,,,,,,,,,,,,,,,,,,,,,,,,Katascient,1,,0.3%,,,,,,,,,,,,,,,,,,,,,,,,,,,,,,,,,,,
,,,,,,,,,,,,,,,,,,,,,,,,,,,,,,,,,,,,,,,,,,,,,,,,,,,,,,,,,,,,,,,,,,,,,,,,,,,,,,,,,,,,,,,,,,,,,,,,,,,,,,,,,,,,,,,,,,,,,,,,,,,,,,,,,,,,,,,,,,,,,,,,,,,,,,,,,,,,,,,,,,,,,,,,,,,,,,,,,,,,,,,,,,,,,,,,,,,,,,,,,,,,,,mold,1,,0.2%,,,,,,,,,,,,,,,,,,,,,,,,,,,,,,,,,,,,,,,,,,,,,,,,,,,,,,,,,,,,,,,,,,,,,,,,,,,,,,,,,,,,,,,,,,,,,,,,,,,,,,,,,,,,,,,,,,,,,,,,,,,,,,,,,,,,,,,,,,,,,,,,,,,,,,,,,,,,,,,,,,MasterKill,0.5,,0.1%,,,,,,,,,,,,,,,,,,,,,,,,,,,,,,,,,,,
,,,,,,,,,,,,,,,,,,,,,,,,,,,,,,,,,,,,,,,,,,,,,,,,,,,,,,,,,,,,,,,,,,,,,,,,,,,,,,,,,,,,,,,,,,,,,,,,,,,,,,,,,,,,,,,,,,,,,,,,,,,,,,,,,,,,,,,,,,,,,,,,,,,,,,,,,,,,,,,,,,,,,,,,,,,,,,,,,,,,,,,,,,,,,,,,,,,,,,,,,,,,,,Hanadon,0.5,,0.1%,,,,,,,,,,,,,,,,,,,,,,,,,,,,,,,,,,,,,,,,,,,,,,,,,,,,,,,,,,,,,,,,,,,,,,,,,,,,,,,,,,,,,,,,,,,,,,,,,,,,,,,,,,,,,,,,,,,,,,,,,,,,,,,,,,,,,,,,,,,,,,,,,,,,,,,,,,,,,,,,,,,,,,,,,,,,,,,,,,,,,,,,,,,,,,,,,,,,,,,,
,,,,,,,,,,,,,,,,,,,,,,,,,,,,,,,,,,,,,,,,,,,,,,,,,,,,,,,,,,,,,,,,,,,,,,,,,,,,,,,,,,,,,,,,,,,,,,,,,,,,,,,,,,,,,,,,,,,,,,,,,,,,,,,,,,,,,,,,,,,,,,,,,,,,,,,,,,,,,,,,,,,,,,,,,,,,,,,,,,,,,,,,,,,,,,,,,,,,,,,,,,,,,,Gooby,0.5,,0.1%,,,,,,,,,,,,,,,,,,,,,,,,,,,,,,,,,,,,,,,,,,,,,,,,,,,,,,,,,,,,,,,,,,,,,,,,,,,,,,,,,,,,,,,,,,,,,,,,,,,,,,,,,,,,,,,,,,,,,,,,,,,,,,,,,,,,,,,,,,,,,,,,,,,,,,,,,,,,,,,,,,,,,,,,,,,,,,,,,,,,,,,,,,,,,,,,,,,,,,,,